"edad","ingreso_total","nivel_estudio","tamaño_hogar"
66,3779638,5,1
31,3434252,5,5
39,4305205,5,4
27,4629916,4,6
73,2991393,4,1
75,3495240,5,1
77,4222371,5,6
73,3744519,5,6
53,5205514,5,5
21,2605101,5,1
64,4078823,4,5
72,2992867,5,3
30,4606129,5,1
50,3939434,5,4
60,3693836,5,3
44,3720916,4,3
76,4029165,5,5
26,3750020,5,6
77,4026071,4,5
58,3691668,5,1
59,4030426,5,2
33,3553983,5,4
50,2946997,5,2
48,4055176,4,2
48,4453344,4,2
55,3298160,4,6
54,4040912,5,2
29,3701173,5,6
68,4572847,5,6
27,5721636,4,6
36,5435950,4,6
67,5684320,5,3
71,5345573,4,4
52,3336889,4,3
29,2810216,5,4
40,3676004,4,6
24,3241039,5,5
67,3205031,4,1
57,4196640,5,2
71,5042855,5,5
53,4067493,5,6
68,3068385,5,2
55,4972569,4,4
55,4343721,5,1
53,4610561,5,2
28,3888192,4,5
57,3415444,5,6
74,5066789,5,3
35,5101903,4,6
19,3802760,5,6
59,4162258,5,5
59,4492673,4,6
79,4226280,4,4
67,3914032,4,1
38,2005043,5,3
65,4298775,4,4
50,4179463,4,2
65,2941034,5,5
40,3229463,5,1
75,4798942,5,2
56,4086738,5,2
63,3972885,5,5
58,3593274,4,5
66,3803772,4,6
48,4107444,4,2
77,3145675,4,4
24,1767858,4,6
71,4314089,5,3
66,5144453,5,2
34,2421596,4,3
28,3417728,4,1
21,4721921,4,3
64,4234310,4,3
33,4773643,4,2
24,3514646,4,1
68,3666690,4,6
39,4299788,5,1
64,5164632,5,2
55,3103150,4,6
55,4398833,5,1
22,3883648,5,5
37,1865804,4,1
27,4356295,4,1
34,4244616,4,1
19,3849012,5,4
24,4399553,4,4
29,5399105,4,2
34,2964058,4,5
70,3960436,5,6
39,4980557,5,6
35,2374074,5,6
62,3056816,5,3
42,3951923,5,4
58,3856339,5,2
31,4070640,4,2
48,3582639,4,1
35,4543392,5,5
53,5510090,4,2
54,4619281,4,4
36,4224467,4,6
67,4085036,4,2
28,3132457,5,6
76,4751093,4,1
47,2635544,5,4
23,4280147,4,5
39,4489433,4,1
80,5823096,4,5
60,2815224,5,5
26,4812321,4,2
42,4187484,4,6
80,5092740,4,4
64,4460080,5,1
49,4096563,5,3
54,4162481,5,6
31,4180153,5,5
35,1903649,5,1
35,3515500,4,6
33,4235885,4,3
59,4502287,4,5
77,4668454,4,2
19,4209804,5,4
76,4929066,4,4
53,3726751,5,1
21,4499622,4,1
65,1733702,5,1
45,4489123,5,3
65,3203342,4,5
71,4609385,4,6
18,3117779,4,4
72,3583727,4,4
24,4183673,4,1
27,3475166,5,4
51,3281513,5,1
64,4728400,4,2
62,4579163,4,6
39,2823500,5,4
66,2887409,4,6
19,4613693,4,3
77,4125277,4,2
74,3709451,4,4
35,2426196,5,5
27,3040769,4,3
28,3864918,4,4
28,2906830,4,6
41,3464163,5,1
52,4737591,4,5
72,2892568,4,4
49,3742744,4,1
47,4118713,5,3
77,3924114,5,1
54,4517706,4,6
33,2837842,5,4
72,4745594,4,5
74,3186723,4,3
77,2904434,4,2
51,3615089,5,1
39,4297570,4,4
35,3798216,5,2
33,5184250,5,3
53,3453997,4,6
21,5546489,5,1
64,4449513,4,2
28,4196429,4,3
53,2396076,4,3
76,4290756,4,3
52,3248082,4,1
34,5011498,5,3
53,2894130,4,2
77,3967549,4,3
68,5623133,4,5
77,5461344,4,2
45,5691311,4,6
59,2979297,4,6
36,3543016,5,5
68,3656550,5,3
70,3687410,5,3
30,4427592,4,4
73,3663937,5,2
58,4798789,5,2
67,4063343,5,3
44,3031174,4,6
25,4594618,4,5
22,5235164,5,4
21,3561557,4,1
36,2978826,4,4
40,3713081,4,3
70,6122681,5,4
43,3933228,5,5
56,4470328,5,1
78,4417943,4,3
55,4508971,4,1
23,4840453,4,2
71,4900497,5,6
72,4072905,4,1
67,3998525,4,1
24,3114709,5,5
44,2563064,4,1
65,4976728,4,4
48,4022420,4,2
78,3415913,5,3
41,2596946,4,6
43,4092497,4,1
66,5335261,5,4
68,5750624,4,6
76,3936191,4,5
75,3422707,5,2
35,3833439,4,5
43,3290828,4,2
60,3910213,4,3
29,5037565,5,4
55,4291616,5,6
20,4485920,5,1
31,3473370,4,1
31,4352550,5,6
64,4522971,5,6
39,2161977,4,5
80,4592254,5,4
75,4943265,5,6
31,4783205,4,3
70,3929142,5,3
32,3129866,5,4
60,3556602,5,5
39,4768544,5,1
60,3373835,4,6
34,2891523,5,4
30,4353553,5,1
42,4847485,4,5
44,4499690,4,1
75,4860994,5,6
51,2717915,5,3
42,4002752,5,3
20,4425116,4,6
22,4337427,4,6
29,3891257,5,5
31,3078183,4,4
18,5771959,5,5
57,5416763,5,3
71,3493045,4,2
40,4008310,5,4
66,5107697,5,1
32,1706765,4,1
62,3468277,4,6
64,3659393,5,4
51,3707042,4,2
70,2692313,4,1
50,2891473,5,1
56,2650671,5,1
52,3402604,5,5
51,4282128,5,4
63,2987804,4,2
34,3738186,4,2
50,4809155,5,3
74,2424828,5,4
18,4830481,4,5
35,3620895,5,4
31,4301570,4,1
62,5207090,4,3
62,4170734,5,1
49,2681992,4,1
70,4442440,4,5
25,4263442,4,6
20,3719044,5,5
64,5216926,4,3
40,5155351,5,1
41,3285400,4,2
56,3474556,4,3
22,5536452,5,2
44,5142985,5,4
58,5414038,4,1
68,2700747,4,6
64,3246265,5,1
62,3749646,4,3
27,2529089,5,5
22,2281645,4,1
49,3778136,4,1
25,3874269,5,3
23,4671847,4,1
19,2994116,4,2
38,3825625,4,5
55,5140940,5,3
76,3112934,5,2
78,3772298,4,5
53,4342941,5,5
78,3983313,5,5
56,3386458,5,3
20,4672283,4,3
37,3435724,5,6
66,4757367,5,3
54,5356861,5,1
31,3860403,5,3
44,2896243,4,3
23,2854778,4,4
24,3017175,5,4
73,4933404,4,1
49,3756387,5,3
48,5109528,5,4
48,5018988,5,1
42,3861334,5,5
40,4107473,5,6
36,3484977,4,2
77,1323867,4,4
47,3581762,5,5
35,4134229,4,5
42,5100192,5,5
21,4466533,5,3
26,3753940,5,3
55,3875912,4,1
78,3965043,5,4
46,3301687,4,4
32,4097009,5,6
63,4352092,5,2
43,2809532,4,4
24,3448326,5,5
52,5792401,4,4
31,3788832,4,5
80,4406386,4,3
23,4435640,4,2
27,5302015,4,2
20,3766395,4,6
77,4997214,4,5
45,4753736,4,3
33,4582051,5,6
22,2693176,4,5
23,3696396,5,6
55,4338119,5,5
80,2936772,5,5
18,5243844,4,6
72,5378586,5,4
70,4674900,4,3
78,4631208,4,2
32,4762369,4,2
73,5107717,4,4
69,3780225,5,1
37,3755906,5,6
42,4180999,5,3
71,3388527,5,4
63,4420599,5,1
53,4204659,4,4
62,3464847,4,1
41,5561082,5,3
45,5484513,4,2
62,3387397,5,4
63,3896193,4,1
66,5002354,4,3
61,4480883,5,2
73,2683486,4,4
54,4544241,4,3
45,3013433,4,4
80,3871154,4,6
63,3750533,4,1
78,4576317,5,5
22,3331226,5,6
41,5689669,4,6
39,3422376,4,3
67,2726291,5,6
38,4621481,4,2
66,2644059,5,5
36,3134616,5,5
41,3417784,4,5
64,4642018,4,3
60,3081294,5,6
54,4795338,5,2
49,3488490,4,5
61,5301490,4,2
54,5325304,4,5
56,4558517,4,3
61,4790114,4,1
20,3876612,5,2
20,3031975,5,4
49,4578841,5,5
58,3292151,5,3
71,3850084,4,2
77,3839364,4,4
45,4182474,5,2
21,4051243,5,5
73,3218407,5,3
23,4292299,5,2
73,3213364,4,1
72,5017044,5,2
20,4093903,5,4
52,3814119,5,1
29,2951863,5,4
18,4073461,4,5
49,4233047,5,3
24,4099757,4,5
57,3381934,4,1
39,3267309,5,1
76,4729316,5,6
39,4061216,5,4
27,4760576,4,2
48,4377141,5,3
38,4294194,5,4
43,4231973,5,5
79,3499074,4,6
79,5865673,4,5
52,5414136,4,1
51,2841326,4,2
22,3176657,4,4
49,2848246,4,6
37,4111734,5,6
41,4499757,4,1
60,4252604,5,1
79,4495560,4,5
78,4393411,4,6
23,4879035,4,2
73,2818371,4,2
72,4407781,5,1
34,5845187,4,3
49,5090095,4,3
18,3085208,4,4
71,2511072,5,4
47,2408754,4,6
21,6004620,5,4
64,5098889,4,1
23,5305579,4,4
70,3328385,5,2
66,3093482,4,4
69,3389542,4,5
54,3771293,4,2
62,4011992,5,5
64,3487228,5,3
73,3954574,5,3
38,4230291,4,1
29,4590156,4,3
42,4277566,4,3
44,4425264,4,2
73,3415919,5,4
59,4427363,4,5
40,2734968,5,1
43,4777646,4,1
61,3298622,4,1
61,4768351,5,2
33,4450628,4,2
30,4170228,5,6
46,3342340,5,1
23,6116968,5,4
75,5225080,5,4
66,4453678,4,6
38,3620909,4,6
61,5682167,5,1
42,3442710,4,3
25,3866232,4,2
42,4532209,5,5
75,2881444,4,2
73,4972472,5,1
63,3411922,5,2
23,4288839,4,2
50,3908968,5,6
63,4749189,4,6
41,3584061,5,3
24,4376725,5,5
64,3877921,5,2
38,3474072,5,4
72,5345500,5,1
74,4873049,4,6
25,2879334,4,5
53,4439961,4,2
52,3251427,4,6
23,3917873,4,5
30,2884241,5,2
38,2369562,4,4
45,5424602,4,3
45,3604763,4,3
63,4111546,4,1
43,4168709,5,5
69,4801928,5,1
64,3935652,5,2
58,3013876,4,6
31,5901030,4,6
53,4661968,5,1
26,3795571,5,2
24,4332946,4,4
47,4156404,4,2
18,4458724,5,3
74,4364067,4,1
55,3484533,4,2
22,3977736,4,6
71,5238562,5,4
40,4485733,4,2
26,3464032,5,5
54,4500337,4,1
72,4635360,4,2
71,3848962,4,2
78,4792369,5,5
48,3237430,4,3
64,4809101,5,1
53,2882884,4,4
29,4614323,5,2
49,2518131,4,2
37,3103552,4,2
31,4042364,5,1
67,4553060,5,3
20,3380869,5,4
32,3116920,5,3
79,2878991,5,3
34,4060018,5,6
35,4200383,5,3
39,4119065,4,3
59,3082629,5,3
20,4610544,4,1
41,4793995,5,2
37,3383814,5,3
35,5445742,4,5
76,3460749,5,5
63,3603349,5,2
66,4274880,4,3
79,4220107,5,3
56,3595278,5,2
32,3464841,5,5
20,3021689,5,6
66,2930293,4,3
26,5075993,4,3
20,4693918,4,1
49,4343681,4,3
44,2429103,4,3
30,2662865,5,6
74,5072041,4,6
64,4977574,5,6
34,4007500,5,3
41,2713203,4,6
67,4513943,5,3
66,3995990,5,1
39,5120793,4,6
64,2987652,4,5
49,2782040,5,4
32,2965688,4,5
70,4005996,4,5
33,4102851,5,1
36,4157454,5,6
40,3514028,5,6
62,3936258,5,6
52,3457057,5,3
58,4675636,4,6
43,3839941,5,4
45,4779727,4,4
28,5945123,5,6
35,2968883,4,2
46,2464728,4,1
44,4709137,5,3
28,4577740,5,3
66,3215612,4,2
72,4047364,4,2
80,4001247,5,1
37,3477222,5,3
34,5285607,4,1
20,4121478,4,1
41,3688324,5,4
34,4040205,5,5
80,3687273,5,3
54,4775799,4,4
26,4531233,5,2
31,5274585,5,2
34,3571896,4,6
66,2519471,5,5
49,2937927,5,6
24,4212316,4,4
29,4323792,5,6
79,4828092,4,3
30,3328951,5,3
47,3447933,4,6
68,4596140,5,6
26,4052201,4,4
39,4329279,4,4
22,2595263,4,6
72,5460191,4,4
28,4632484,5,6
67,3956604,4,2
58,3284332,4,5
36,3156249,5,5
53,3602077,4,2
63,3831259,4,1
36,2444872,4,6
36,2928107,5,6
45,2574435,4,2
70,3308044,4,3
46,3247517,5,3
23,1911779,4,5
27,4349461,4,5
25,2878863,4,2
67,3184637,4,5
43,3940150,4,3
59,4253600,5,4
56,3797564,5,6
18,3801732,4,2
46,5287447,4,2
53,3632892,5,2
37,4095255,5,2
42,2148272,4,4
40,3143833,5,3
56,5212851,5,6
70,3307293,4,2
18,2219504,4,2
52,2564330,5,1
38,4261140,4,4
79,4296495,5,5
72,3752618,5,2
21,4025564,5,6
68,3226499,4,5
37,3449154,5,1
33,3492865,4,4
41,2679606,4,2
23,5785070,4,5
77,4095067,5,1
53,3158729,4,6
49,5485425,4,3
66,4300786,5,1
77,3560984,4,6
27,3569589,5,5
56,3234377,5,6
20,4141829,5,5
75,5084587,4,3
43,5361687,4,6
78,2854844,4,5
49,5027122,5,6
77,3843214,5,5
52,3294898,4,2
38,3726639,5,6
55,4928580,5,2
79,4682856,4,6
34,3870068,4,1
35,4664487,4,3
24,3015149,5,5
72,1459923,5,3
53,5193891,4,2
48,4272934,5,3
61,5181197,4,2
52,3279050,5,3
71,3662038,5,3
64,3510414,4,5
37,4418081,5,5
46,4815420,5,3
66,3810324,5,2
49,3783974,5,1
52,4202911,4,1
34,4168768,4,4
40,3260925,4,5
72,2318793,4,4
37,4477952,4,2
64,3806163,4,6
63,3748918,5,2
79,3837408,4,6
21,3460230,4,3
62,3868407,5,2
56,3653351,4,5
50,2367480,4,5
69,4030897,5,5
32,4242188,5,2
60,5039825,4,1
20,4598222,4,3
70,2922705,4,5
51,4427873,4,4
75,3017779,4,2
70,4619509,4,5
44,5011845,5,6
50,3891322,4,5
32,4171623,4,2
32,2554714,4,3
26,5202121,4,5
40,4399813,4,5
45,5600607,4,6
58,2683436,5,5
23,4355106,5,1
23,5371418,5,4
29,4231413,5,1
46,2987825,5,1
57,4202247,5,1
64,3487340,4,3
31,3758361,5,2
44,2764929,5,4
34,4294228,5,3
50,4568561,5,3
52,4012893,5,4
43,4727985,4,6
24,4182622,4,6
68,4621268,5,3
28,5123204,5,5
44,2690080,4,2
64,4654476,5,4
48,4738801,5,6
29,3812294,5,6
69,5319486,4,5
53,3146789,4,5
20,3516072,4,3
59,2951217,4,6
51,3919883,5,3
26,4963918,4,4
50,3302311,5,4
70,2399639,5,5
67,4773663,4,1
44,5130794,4,6
53,3959248,5,3
74,3253272,5,4
23,3855472,4,3
79,4569165,4,3
44,4555468,5,4
70,3376708,4,2
54,4997849,5,5
72,3261539,4,3
67,3253394,5,3
79,3974185,5,6
53,3370723,4,2
42,3860606,5,4
59,2001054,4,1
58,3801383,5,6
37,3544662,4,6
76,3722603,4,6
77,4878111,5,2
76,5368171,5,2
51,3151345,5,6
24,3881393,4,1
49,2925040,5,6
45,3327280,5,3
62,4866493,5,2
58,5245476,4,2
30,3266900,4,1
28,3755415,4,5
51,3775098,4,6
28,3759195,5,1
34,4082496,5,5
42,4516914,5,5
30,4062541,4,5
52,3376364,4,3
47,3579491,4,1
67,3888360,5,5
47,3090924,4,4
18,3786004,4,2
73,4847576,4,2
37,2480180,5,6
35,5388474,5,5
31,2905680,4,6
34,6019266,5,3
42,3284823,5,3
70,4490852,4,5
71,2937937,5,1
36,4110663,4,3
44,4283210,5,3
48,3578480,4,3
72,4808459,5,3
78,4517933,4,6
41,3109100,5,5
49,3566059,4,2
42,3770592,4,4
60,3530117,4,2
37,3771557,4,4
57,4156195,5,1
60,3345971,5,2
66,3254062,5,3
61,4276572,4,5
79,3942934,4,3
62,5165629,4,4
36,4126482,5,6
40,4030052,4,3
78,4950513,5,1
62,3652334,4,1
63,4651683,5,6
43,3809898,4,2
67,4578438,5,2
55,2748690,4,5
38,3844218,4,3
69,3672763,5,1
42,3555613,4,4
38,4967200,4,1
54,3914422,4,5
39,3724029,4,3
79,3053226,4,2
59,4148751,5,5
53,4273972,5,3
26,2450607,5,3
18,4366228,5,5
54,4064439,4,1
64,2922036,4,5
48,3871433,4,4
59,3748569,4,6
28,4370866,4,3
69,4485911,5,4
72,5039912,4,3
46,4710113,4,1
56,5480128,5,2
60,3288494,4,2
25,3852081,4,1
21,4366121,5,6
29,4344565,5,2
35,3999933,4,4
63,3251226,5,6
24,3974661,5,1
69,4407178,4,6
44,4900781,5,2
59,3830016,4,1
71,3999119,5,2
78,3455279,4,5
66,3502018,4,1
38,3871644,4,3
66,5199815,5,2
33,4285043,5,4
56,3655953,5,5
18,3464691,4,2
67,3268433,4,1
55,4748500,4,3
55,3462486,5,1
57,3432717,4,4
33,3426237,4,6
71,4068139,4,2
44,3005767,4,6
37,3676808,4,6
34,3825102,5,4
41,3612105,5,1
49,4124149,5,5
69,3947612,5,1
76,3486245,5,6
55,3912399,5,6
35,5477903,4,2
22,4182102,4,3
75,3892374,4,1
38,4458051,5,2
71,5408118,4,6
51,3885159,5,6
22,3598856,5,5
75,3758688,5,1
35,3568154,5,5
39,4511422,5,3
60,4790165,4,3
62,4126842,4,6
65,5129097,5,2
70,4132370,4,5
46,3814269,5,4
33,3361317,5,3
35,3618348,4,2
60,4739442,4,2
31,2314226,5,1
20,5347526,4,3
31,5316287,4,2
56,3549288,4,2
67,3927775,5,4
40,4288427,5,2
29,3840322,4,2
23,3856542,5,6
28,4488468,5,4
75,3805786,4,4
42,3783888,4,5
72,3414159,4,4
30,4011393,4,6
25,5209692,5,3
48,4206845,5,1
57,4613341,5,3
72,3677162,4,4
57,4602951,4,1
68,4758905,5,1
38,4832633,5,1
59,3044465,4,5
41,4499938,4,5
26,4063114,4,3
47,4787783,5,5
77,3654613,4,6
72,4342334,5,6
73,2944222,4,1
58,3449955,5,4
20,4730265,5,4
36,3896170,5,4
60,4996405,4,6
61,3093857,4,6
53,2700609,5,6
23,4030890,4,1
50,4180681,4,4
36,4141255,4,4
43,3449949,5,2
63,4161149,5,6
53,3951235,5,5
41,5445587,4,2
48,2459577,4,1
72,3717004,5,2
51,3316622,5,6
50,3337039,4,4
59,3345635,5,2
48,3467032,4,2
25,4555147,4,1
45,4904260,4,4
25,4192422,4,3
27,4934445,4,1
55,2814083,4,4
75,2803571,5,1
71,4862695,4,5
18,5197564,4,2
62,4557723,4,3
42,5708768,5,5
76,4774635,5,5
58,3106512,4,1
66,3665943,5,5
55,4889260,5,5
71,5048109,4,4
47,5195196,5,6
79,4457469,4,2
66,2747351,5,2
40,2369802,5,5
79,4487912,4,1
27,2641765,4,4
61,4416137,5,6
54,5793073,4,4
80,4478983,5,6
44,4624226,5,4
72,3863762,4,2
44,4157049,5,4
37,3203455,4,2
61,3258430,5,2
37,3817004,5,5
52,3999402,5,4
60,4315671,5,5
44,4453569,4,5
41,4276305,4,1
37,3850110,5,6
49,5957764,4,3
38,4401674,4,1
29,4294355,4,6
50,4569293,5,5
55,2580932,4,4
55,4160484,4,3
65,4245501,4,1
65,4756575,5,4
46,3492197,5,5
47,2055596,5,6
76,3784703,4,4
69,3024713,4,5
38,3751876,5,6
57,3597776,4,2
26,3888067,5,2
27,4244155,5,4
67,5485278,5,3
68,2640894,5,6
52,3308262,5,6
20,4385105,4,4
77,2705712,4,3
57,4154577,5,2
55,4295118,5,4
24,4236519,4,3
58,3561141,4,3
64,2773511,4,3
43,3366551,5,5
34,2837571,5,4
73,5322177,5,2
61,4896484,4,1
77,2949216,4,2
64,4547718,5,6
36,3349951,5,5
68,3805178,4,5
80,3869800,5,6
44,2293977,5,3
24,3834941,5,2
30,4059865,4,6
61,5498675,5,2
67,5425378,5,6
31,2884353,4,4
50,2993585,4,1
37,4298384,5,1
36,4234678,5,6
78,2855008,5,4
33,4087370,4,2
48,3431324,5,4
62,2929812,4,6
30,3634784,4,4
26,3060714,5,5
33,3791500,4,3
58,4544579,4,4
74,4167716,5,2
32,3515481,5,1
35,4507193,5,5
55,3444915,5,6
26,3286453,5,6
56,3317066,4,2
44,3630897,4,3
62,3737459,4,2
39,2936475,4,3
57,4980583,5,6
24,4867357,5,4
74,3981296,4,1
31,4125693,5,4
23,4008881,5,2
30,3489492,5,5
26,4847045,5,5
43,2351647,5,1
64,3677394,4,1
75,3419725,4,1
74,3036760,5,5
74,4686957,5,6
35,5116844,4,2
50,3594105,4,4
78,3688510,5,6
18,4860928,4,5
74,2876905,5,5
53,4154470,4,3
37,3888846,5,4
24,4387129,5,6
56,3665922,4,5
30,3439908,4,2
50,4045498,4,2
42,3927449,5,2
22,3581396,4,4
55,4238876,5,5
63,5107966,4,6
66,3104345,4,1
33,4250872,4,1
60,4316288,4,4
64,4350094,4,4
72,3884052,5,4
24,3806637,4,5
73,4117684,4,2
58,4024298,4,6
45,3112172,4,3
22,3953200,4,1
44,3607800,4,5
30,4026816,4,1
53,4070231,5,2
61,3738642,4,4
53,3752717,4,3
73,3661621,5,5
76,4865828,4,2
36,3007946,5,1
41,4343215,5,3
76,3448159,5,1
57,5208999,5,4
33,3169033,4,2
43,4173125,5,4
35,3387041,5,6
25,5109156,4,5
64,3623532,5,4
21,5649578,4,6
25,3937127,4,4
43,3378762,4,4
57,3326648,4,1
26,4307171,4,3
39,3505325,5,2
61,4281894,4,1
61,3401163,5,5
53,2963401,4,4
61,4430988,5,5
61,3539303,5,2
39,3801146,5,3
22,3293054,5,1
54,3776402,4,6
28,3752562,4,4
41,4219101,5,3
47,3368547,4,3
20,4526441,4,3
20,4662835,4,5
69,5472017,4,6
43,5800437,5,2
39,3858682,4,2
50,4689677,5,5
54,3948825,4,6
34,5648883,4,5
47,2224624,4,3
18,5125572,4,4
28,4303050,5,6
69,5028327,5,2
63,4226482,4,4
74,3475530,5,1
55,3464323,4,4
57,3647908,5,1
24,4566523,4,4
74,3804742,4,3
42,3303625,4,3
36,3604007,5,5
29,4047864,4,1
64,3799680,4,5
44,5817153,5,5
72,5102198,5,4
24,4786242,4,3
57,4244640,4,5
22,4152195,5,1
79,3333426,5,6
56,3363075,4,2
18,3738645,4,2
63,3862358,5,6
38,3913657,4,5
38,3751568,4,1
77,3849835,5,6
71,5434737,5,6
63,4112986,4,1
18,4979126,5,2
70,4415372,5,1
63,4605604,5,1
80,4407508,5,1
66,3609256,5,1
33,4369773,5,3
74,2849586,4,5
49,3176141,5,5
52,3859681,5,2
71,5303067,4,6
47,3357702,4,1
40,3058226,5,6
63,4785282,4,1
57,3392607,5,2
23,3954017,5,5
58,5234731,4,5
56,3293163,4,4
77,5520721,4,4
60,4469931,5,4
60,2330299,5,3
31,5256672,5,2
58,4205223,4,4
29,4362123,4,3
55,3804318,5,2
41,4629316,4,4
34,3127748,4,2
77,1953819,4,1
56,3369440,5,4
57,5616978,5,1
27,3808214,5,1
26,4269502,5,3
60,3988916,4,1
41,3210821,5,1
26,5571939,4,3
19,2955557,4,2
46,4564926,4,6
60,3479442,5,1
52,3337270,4,3
58,3448647,5,6
33,3922461,5,4
72,4543534,4,1
75,3880669,4,6
80,3426049,4,3
75,5371744,4,3
20,3971338,5,1
80,4740489,5,2
37,4231311,4,4
32,2958159,4,4
37,4151685,4,6
25,2258896,4,6
57,4617174,5,6
64,4958687,5,5
69,4892505,5,5
55,3416073,4,3
79,4733825,5,5
32,4557147,4,5
80,4287637,4,4
32,4443861,5,2
70,4918439,4,5
24,2944116,5,3
21,3530811,5,4
31,2555826,4,2
59,3702231,4,4
35,4666041,4,3
29,5678137,5,1
47,4258535,5,3
43,3621508,5,5
46,3982872,4,5
56,2412926,4,4
77,2973834,4,2
54,3519827,4,5
27,5566382,4,6
34,3847276,5,3
50,4487353,4,2
48,5795941,4,5
50,3374886,5,2
40,5154568,5,6
78,4182277,4,2
74,3732410,5,3
52,3052444,4,2
73,2438527,4,4
26,4667099,4,5
54,4224664,5,3
36,3892507,5,2
59,4844643,5,5
48,4500383,4,2
78,3604221,5,5
37,4305878,4,3
51,3937784,5,3
75,5055987,5,6
77,3460922,5,4
28,4903825,4,5
46,4622947,5,3
18,4771629,5,4
71,3011967,5,3
26,5164565,4,3
53,4164063,5,3
19,4918832,5,4
64,2818114,5,4
61,3509566,4,3
49,3421313,5,2
65,5296800,5,5
21,5955714,4,4
47,4968978,5,4
70,4639477,4,4
20,4363597,4,3
19,4120604,5,6
63,3853955,4,3
62,3898203,4,6
57,4875021,4,3
76,5097387,5,2
61,4485091,4,3
43,4951187,4,3
80,4700312,5,5
42,3923996,5,1
53,3528602,4,4
75,4383880,4,2
65,4550567,4,3
32,3128443,5,6
35,3861414,4,6
41,2614017,5,5
38,4592097,5,5
35,3706067,4,3
32,3140436,5,2
78,4837953,4,1
49,3608433,5,3
65,5469198,4,2
26,4553588,4,6
59,4276983,4,4
73,3319406,5,2
72,4852124,5,3
75,5592987,5,4
48,4869853,5,5
76,3920504,5,3
32,3859718,4,4
46,3618418,4,5
26,5700634,5,6
34,3787384,4,5
68,4792897,4,2
28,2539889,5,6
35,4304294,4,3
26,4197388,5,6
63,5138921,4,3
66,3970730,4,5
54,3037308,5,1
27,2821236,4,2
21,3144339,5,5
39,4986017,5,5
75,4448441,5,5
41,4443756,5,5
76,4302589,4,4
44,3129596,4,1
19,2830567,5,6
70,3170256,5,1
52,3072156,4,5
31,2111256,4,3
79,3875176,4,5
22,3205599,4,5
69,4320591,4,2
48,4712070,5,4
67,3716240,5,3
53,4478320,5,2
40,4094497,5,3
30,5269726,5,3
38,4547725,5,2
36,3684457,4,3
48,3452237,5,5
44,4692387,5,3
32,4450428,4,6
69,4866990,4,3
50,4640010,4,4
68,4485355,4,3
32,4042412,4,6
77,4165880,4,6
61,3376016,4,1
34,3639342,5,2
73,4370712,4,6
31,3491111,5,6
32,5117484,5,2
74,4486900,4,6
56,3901943,4,4
52,3012122,4,4
56,3282389,4,4
52,4148166,4,3
58,3123600,4,6
43,3870168,4,4
68,3193337,5,2
43,2868133,4,5
34,3715192,4,2
59,3940893,4,1
46,5242945,5,6
36,3273757,4,4
64,4215575,5,6
43,5532281,5,1
35,3427097,5,1
24,3583120,5,5
77,5260663,4,4
50,3446320,4,3
34,5168815,4,4
25,5084815,4,2
61,3430490,5,2
36,2170050,5,5
31,5607858,4,6
59,4413476,5,5
80,5234896,5,3
21,4881754,5,1
32,4614045,5,1
31,3915495,5,4
59,4156190,5,1
47,4210039,4,3
32,4856348,4,3
38,4500297,4,3
72,4175020,5,5
44,3400690,4,6
30,4426529,5,5
68,3860478,5,4
29,4759819,5,4
36,4995060,5,6
80,5244076,4,5
35,3308761,5,3
42,4397482,4,6
67,3543319,5,5
36,3573453,4,4
42,3794386,5,2
71,3837492,4,5
67,5054722,5,1
27,3475544,4,1
57,3643280,4,3
75,2451764,5,4
26,4094056,5,6
23,3367507,5,2
51,3341350,5,5
44,3567489,5,4
21,4622802,4,6
41,3547764,5,3
22,3518678,5,6
43,4711332,5,1
52,3553703,4,2
43,3832781,4,3
56,5394494,5,2
67,4027080,5,3
35,3197174,4,6
77,3413976,5,5
80,3712151,4,2
20,2786232,4,5
30,3108833,4,3
45,3499005,5,2
42,3222601,4,6
76,4317611,5,5
37,3672663,4,3
21,3037416,5,3
26,3451035,5,4
77,3149644,5,2
55,3015207,5,5
20,3009159,4,5
47,2202393,4,4
66,4048902,4,3
80,2627619,4,1
22,4066953,5,1
44,3940239,4,5
28,3160428,4,2
28,3668948,4,1
66,3909846,4,1
36,5833146,4,6
59,4252418,4,3
71,6577194,4,4
36,3620777,4,4
35,2835456,5,3
79,4257427,5,6
80,4674206,4,4
56,5503892,5,5
79,3074324,4,4
32,2972551,5,5
19,5027879,5,6
56,2895145,4,6
68,3754284,4,6
43,4774318,4,4
32,3912758,5,6
28,3453146,5,6
77,3422619,4,5
36,4882099,5,4
36,3609421,5,1
60,3065885,5,2
43,3954199,4,4
19,4106501,5,4
19,3698015,4,5
20,4168057,4,1
58,4197529,4,2
63,4952268,4,5
32,4393697,4,2
53,5402209,4,3
77,5348075,4,1
79,4143148,4,5
41,3150059,4,2
67,3294094,5,5
37,3525871,4,4
41,4385395,4,4
35,4699248,4,6
49,4332796,4,1
34,5028596,4,6
56,4482725,4,5
29,3821804,5,3
58,4741294,4,1
46,4044580,4,1
54,4566317,5,1
52,3114881,5,1
43,5009927,5,3
22,5103905,4,6
75,5118785,5,2
21,3631047,5,6
55,3708481,5,3
42,3466786,5,5
40,2965827,4,5
43,4035994,4,3
51,4534530,4,6
45,3586591,5,5
77,4462171,4,3
36,3288903,5,1
65,2535948,4,5
74,3631461,4,6
19,3758727,5,4
70,3588038,4,4
43,5340253,5,1
70,3767382,5,2
19,4700029,5,3
25,2521286,5,6
56,5846804,4,3
49,4105031,4,6
23,4535301,4,1
23,4058850,4,6
37,4065689,5,2
39,3936112,5,2
29,3449891,5,6
24,3018643,5,5
77,3983951,5,5
38,3655192,5,1
45,4780553,4,4
75,5899664,4,2
73,6051468,5,5
18,3321059,4,6
31,3736491,4,6
77,4083556,4,6
77,4688298,4,6
19,3242452,4,2
47,4705753,4,6
54,3424842,4,2
71,4043332,5,2
68,3887831,5,4
69,4989750,5,6
63,4610345,5,6
38,5056283,4,2
31,4083608,4,2
26,3909845,5,2
33,3502666,4,5
67,3394612,5,6
46,4848407,4,6
45,3987572,4,2
51,3927703,5,1
37,2682414,4,6
31,2648226,5,3
70,5606291,4,3
77,4052089,5,5
61,4535682,4,4
62,4697777,5,1
69,5116286,4,5
24,4612698,4,5
79,3896367,4,5
26,4044011,4,4
45,3256178,5,6
46,2772771,4,4
78,3451290,5,2
63,3646743,5,6
65,3044921,5,1
56,3169823,5,1
80,4029599,4,4
43,4808201,4,6
61,3981986,4,2
29,2962913,5,2
46,4337491,4,3
40,4301897,5,3
78,3973868,5,3
76,3926698,4,5
62,3633603,4,3
62,4602086,4,6
19,4599557,4,2
34,1894973,4,4
78,4266572,4,1
39,3720911,4,2
34,4453617,4,6
32,2785752,4,1
40,4382043,4,4
46,2945928,4,2
76,4412461,5,2
23,4651557,5,2
40,3844979,5,2
38,4448305,4,2
68,3359176,5,5
69,4788563,4,6
38,4048464,5,4
39,3668130,4,1
39,4101437,4,1
43,2865462,4,5
68,4829101,4,3
69,4995790,5,1
27,4003703,4,4
67,2162097,5,4
46,4143314,4,6
53,4409684,5,5
75,2912189,4,4
42,4174085,5,5
76,4582163,4,3
65,4046120,4,6
39,4386858,5,5
61,3187051,4,5
74,5617390,4,3
31,3590332,4,2
64,2970255,4,5
28,2850790,5,5
64,4369532,5,5
70,4382778,4,3
31,4415376,5,1
45,5439420,5,4
26,3663623,5,2
26,3581966,4,6
46,3080639,4,5
40,3096852,4,6
36,4541434,5,4
77,3833313,5,1
38,6018779,4,2
20,4858254,5,4
62,3031780,5,3
32,3527573,4,3
46,4066502,4,5
74,3538539,5,3
33,4176145,5,1
24,4091812,4,4
74,4125009,5,2
35,4280500,4,5
33,4415439,5,1
78,4902830,5,6
35,3870822,5,2
78,3664645,5,1
22,4541737,4,6
79,4142978,4,1
48,2825327,4,6
77,3784856,4,6
36,3333510,5,6
72,3334272,4,1
60,4098696,5,1
51,3544639,4,6
58,5667867,4,3
19,4170192,4,4
19,5405193,5,6
47,4748210,5,1
75,5170782,4,6
52,4406782,4,4
76,3982950,5,1
74,3597543,5,5
66,3639904,4,5
51,3134558,5,6
55,4053530,4,4
74,5145481,5,6
54,3613368,5,2
53,4556848,4,3
46,4642453,5,4
59,4596218,5,6
55,3214994,5,4
24,3432890,4,1
68,3924742,5,3
52,3598499,5,4
78,3245724,5,1
36,3792284,5,1
79,4784075,5,6
53,3919086,5,4
18,4396912,4,3
29,4932664,4,1
73,3145797,4,2
64,4418705,4,4
21,4374889,5,2
39,3258537,5,2
31,4945492,5,3
19,3864537,4,4
29,5350703,4,5
75,4120096,5,3
44,3142755,4,2
33,3686345,4,1
56,3418820,5,6
48,4817000,5,1
76,4039753,4,6
51,4131743,4,1
43,2973854,5,2
50,3170135,4,5
32,4971184,4,2
40,3046442,5,3
43,3946308,5,4
43,2995762,4,1
61,3257925,5,4
30,5072923,5,2
75,3800164,5,2
54,4152350,4,5
79,3277224,5,4
68,3673898,5,3
55,3322455,4,6
79,3699131,4,1
62,4263059,4,6
37,3559788,4,4
28,4640962,5,5
23,4607193,4,3
51,3775289,5,2
53,3506998,4,2
23,3757450,5,6
42,3907825,4,5
77,3018720,4,6
41,4143542,5,4
62,2822925,5,2
67,2824772,4,3
46,4672417,4,5
36,4874406,5,3
59,3438449,5,1
21,4010813,5,3
68,3808245,5,5
37,3965555,4,1
65,3722884,5,6
54,3175283,4,6
41,5832614,4,2
41,5272797,4,5
73,4858936,5,3
23,3795257,4,6
18,4860475,4,6
61,3842607,5,2
29,4498710,5,1
51,4025650,4,3
51,4069858,4,3
38,2901532,5,2
32,4642014,5,4
80,5458751,5,6
61,3882821,5,3
35,4133099,4,5
31,4417856,4,3
24,4558778,4,3
62,3456097,4,6
79,3585917,5,4
31,4459341,4,3
23,3805704,5,5
39,3879124,5,5
52,3913185,4,4
52,4255752,4,2
50,2846954,4,4
40,4040137,4,4
70,3663763,4,6
62,3592442,5,2
54,4732269,4,2
80,3405802,5,4
39,3868750,4,2
66,3913098,5,1
75,2894891,5,3
53,4686530,4,1
37,5238590,5,2
61,3202817,5,3
68,3213801,5,5
27,3646471,5,1
27,3316346,4,6
34,4002111,4,4
20,4354232,5,4
60,4823118,5,6
47,3971238,4,6
41,3985541,4,4
48,4502775,5,2
57,2830278,4,3
25,4102412,5,3
56,3734952,5,2
76,3557988,4,4
23,4413770,4,3
44,4935367,5,2
33,2531757,4,2
73,4287666,4,4
34,5279272,5,4
33,3788153,4,6
42,3183454,5,3
60,5236068,4,3
37,5037960,5,3
28,2878095,4,3
34,4596102,5,2
37,4823720,5,6
28,3158983,5,5
36,3417113,4,5
65,3283414,5,3
78,3921258,5,5
62,5269634,5,6
71,2578225,5,3
42,3907689,5,2
41,2518784,5,5
67,4365383,4,4
74,5010781,4,1
56,2851682,5,5
53,4527724,4,3
46,3220748,4,2
48,4331126,4,2
67,3755606,4,5
72,3452799,5,4
66,3983350,4,5
56,3979571,5,5
56,5764180,5,3
79,3656009,5,2
34,3414048,5,1
51,2857152,5,2
25,3102630,4,3
19,3299736,4,6
20,3914587,5,1
73,4832587,4,3
69,3828475,5,5
78,4388832,4,2
80,2763345,4,5
21,3284429,4,5
45,2957047,4,4
41,3676092,5,1
44,3782266,4,1
73,4325525,5,1
22,4348840,5,3
58,5226175,5,1
57,3306454,5,1
42,3256495,4,6
21,3671289,4,5
35,3737638,4,1
71,2811760,5,4
32,3604206,4,2
19,2931010,4,2
62,3198913,5,5
62,4046719,4,2
42,3391580,4,3
48,5027523,5,4
49,2718900,4,2
44,3600518,4,6
78,4621212,5,4
52,3397674,4,2
72,3609641,4,1
67,2975859,5,5
77,5168170,5,3
28,2330796,4,2
55,3812906,5,5
33,3902580,5,3
44,4576135,4,6
28,4848860,4,5
40,3213830,4,3
59,4352039,4,4
23,4013276,5,1
34,3763152,4,4
30,4963542,5,2
36,3452830,4,6
55,2580654,4,2
48,4343707,4,4
49,4642010,4,6
63,3893910,4,2
35,4434320,5,5
54,3925482,5,1
76,3842364,5,6
68,4660453,4,5
60,4245146,4,6
65,4294118,5,6
36,4887255,4,6
69,4745892,5,3
46,2866608,5,4
25,4672998,4,3
53,2856890,4,5
54,4700117,4,2
48,5860138,5,2
59,4565010,4,6
68,5210874,4,4
46,2986998,5,5
70,3540279,5,2
42,4916903,4,4
32,3504950,5,3
49,5110314,5,4
64,3946185,4,2
42,4311538,4,5
33,4374610,5,1
45,4653500,4,3
29,4011438,5,5
70,3555821,5,4
51,5335282,5,6
51,3694551,5,2
23,3974698,4,1
62,3722118,5,3
39,3828611,4,1
21,3874232,5,2
30,3626193,5,2
43,3303585,5,2
46,4503923,5,2
40,3987628,5,1
65,4037056,5,1
44,4216091,5,6
19,4685867,5,6
34,3418277,4,3
51,4557113,4,3
29,1804409,4,4
19,4416592,5,4
30,3384097,4,5
55,4998632,5,4
58,4214207,5,6
21,5293183,5,6
58,4830808,4,4
23,3511042,5,3
74,2807410,5,2
49,2558980,5,5
31,5657311,4,6
68,3117111,4,3
73,3346591,5,4
52,4793569,5,4
76,3345725,5,4
75,4514365,4,3
52,5329351,4,2
78,4409873,5,3
33,3040531,5,6
46,3634671,4,6
30,4842105,4,5
35,2754907,4,4
70,4761746,4,5
36,4029252,5,3
28,4972704,4,3
40,3136747,4,1
30,5219823,4,1
68,2614965,4,1
28,4301979,4,2
39,4152450,5,2
72,2908508,4,1
74,4303528,5,5
54,4219570,5,6
36,4493498,5,1
44,3499118,5,4
60,3819856,5,1
40,4774725,5,4
55,4803730,4,2
60,4546827,5,4
71,4011538,5,5
47,4906029,4,2
21,4154697,4,6
75,2280835,5,6
63,3446352,5,4
58,3584348,4,6
77,2736975,4,5
61,3600160,5,3
41,3907575,5,5
62,5151403,4,2
22,4183352,4,2
32,3591979,4,2
28,3210861,4,3
24,3589474,5,3
47,4399363,5,2
69,3755341,4,2
47,4647854,5,3
59,3674229,5,4
38,4973372,5,6
57,5231399,5,1
66,4848677,5,6
43,1834785,5,6
18,2986889,4,1
79,4103358,4,5
66,3587256,5,4
71,3701588,4,1
78,3676651,5,1
46,3449368,5,4
19,2905989,4,5
55,4820837,4,6
67,4537485,5,5
38,3311986,5,1
31,4393292,4,4
52,3475938,4,4
58,3957223,4,6
24,4755444,4,1
80,3578969,5,1
63,3083703,5,6
58,4336760,4,5
38,4872415,5,3
33,4652603,4,4
73,3912239,4,1
80,3097597,4,1
69,4081838,5,3
49,3307037,5,2
74,4580159,4,5
68,4584471,4,6
42,4120300,5,6
22,3504329,4,1
32,3681739,5,3
31,2707142,5,3
65,5912919,5,5
58,3700025,4,2
19,3218283,4,5
57,3804303,4,5
31,4353632,5,6
74,4633666,5,1
30,3047436,5,6
36,3487206,4,2
72,3278482,5,5
75,3803917,5,2
29,3241921,4,4
53,4626160,4,3
75,4006096,4,5
58,3014838,5,1
44,5039735,5,4
46,5700906,4,1
33,3252456,4,1
68,3472080,5,2
19,4669225,4,2
43,4652254,5,2
49,2786364,4,5
75,4452574,5,3
72,3803101,4,2
46,4394226,4,4
77,3888098,4,1
50,4481135,5,4
23,3792888,5,4
80,4442077,5,3
29,3438646,5,5
55,2936049,4,5
34,3536815,5,4
76,4203625,4,2
35,4033794,4,1
48,4477002,4,6
21,5116430,5,1
31,3983183,5,4
35,4248783,5,4
39,2905882,5,4
34,4439317,5,6
33,4246089,5,2
24,3228827,5,5
55,3225476,5,1
26,3093296,4,1
31,2970597,4,4
63,4412299,4,3
75,4524156,4,3
32,3950290,4,2
71,4132598,4,6
40,4072329,4,5
20,5549712,5,5
74,3235503,5,1
55,3195230,5,5
66,4000868,5,2
34,4028301,5,6
55,4414638,4,4
35,2337768,5,4
33,4260478,4,6
18,4459984,5,5
26,3814350,4,4
41,4276706,5,2
27,4198549,5,4
34,5013385,4,4
55,4738340,4,3
58,4085808,5,1
32,5032460,5,2
35,3072968,4,1
28,4778407,5,6
61,4176775,5,4
50,5216185,5,2
42,4180113,5,5
69,4444655,4,2
48,4306216,4,2
22,3477779,5,3
32,2970394,5,4
40,5087794,4,5
32,4391688,5,1
47,3588179,4,2
30,4382389,4,4
19,4735959,4,3
67,3972706,4,2
55,5807964,5,3
55,4369699,4,6
35,3715956,4,2
60,3840638,5,4
77,3612820,5,3
31,4815314,4,5
74,4120101,5,2
32,4959862,4,5
77,3979805,5,2
73,5107428,5,1
69,3502573,5,5
74,3021823,5,2
31,4697111,5,1
25,3945070,5,5
74,4239720,5,2
19,3421131,5,5
46,4465092,4,5
27,2692208,4,1
80,3170066,5,4
18,4027498,5,5
78,4610627,5,4
50,3038952,5,4
68,4326101,5,2
61,4758164,5,4
57,4192281,5,3
48,4062811,5,1
63,5531183,5,2
62,3601443,5,6
73,4689244,5,2
72,2937149,4,4
73,4158926,5,5
20,5241358,5,3
47,4591488,4,5
50,4111969,5,6
19,3739656,5,3
74,5172377,5,4
22,3587425,4,2
47,3242362,5,2
68,4216462,5,1
59,4071161,4,3
18,4029654,5,5
33,4325996,4,5
77,3342984,5,3
76,3258727,5,4
69,4104657,5,5
29,3090604,4,3
20,3803361,5,2
35,4202566,5,2
18,4641790,5,3
79,3441786,5,3
66,2923111,4,6
28,4882044,5,1
53,3363761,4,3
30,4289270,4,6
62,4915612,4,4
63,3429989,5,2
40,5711340,5,1
39,3313468,5,4
75,3984833,5,3
50,5189787,4,5
37,3435058,5,5
71,4800802,5,3
20,3108522,4,6
65,3477401,5,1
25,2959174,4,1
28,3368470,4,1
23,4908858,4,2
43,4279662,4,5
25,4587367,4,1
77,3441462,4,3
34,3730911,5,4
48,3400392,4,1
58,4359005,4,3
48,3963999,5,1
39,4365990,4,3
80,3795934,4,2
79,3592119,4,2
49,3985790,4,3
23,4967220,4,3
18,4051278,4,1
41,3193006,4,3
25,4963938,5,4
27,5316183,4,5
51,3996460,4,6
33,3829495,5,2
29,3968637,5,4
29,3425491,4,6
78,5424409,4,2
50,3599660,5,1
18,5229451,5,6
24,2632653,5,4
37,4749147,5,2
58,4214376,5,2
70,4917628,4,5
47,3796949,4,6
28,5030062,5,5
53,4389644,5,4
77,2165621,4,6
22,4561556,4,6
42,2635277,5,2
46,3722752,5,3
67,2282028,5,1
68,5373932,5,1
79,4326225,4,4
49,5986283,4,1
18,3838639,4,4
79,5491709,5,1
22,4833440,5,1
66,4356929,4,5
65,4552747,5,1
23,4009903,5,1
75,2824365,4,1
20,3616895,5,1
72,4923542,5,4
51,3773048,4,3
48,4301702,4,6
28,2522864,5,2
70,3741305,4,6
30,2536094,5,4
50,4229595,4,3
34,5493956,5,2
80,3689802,4,5
53,4540463,5,1
30,3164240,5,5
67,3564375,4,5
49,3736934,5,1
21,2920166,5,2
74,3521061,4,5
66,3547969,4,6
20,3913672,5,3
68,2123117,4,2
51,3131942,5,4
71,3328351,5,1
68,4743267,5,4
52,3268751,4,1
36,3873296,5,3
25,3366978,4,1
73,4332857,5,6
25,3747124,4,5
64,5713532,5,1
20,2668409,5,4
65,5928727,4,5
70,3571233,5,5
76,3481542,4,2
68,4663317,4,5
53,5134161,4,4
51,5212627,5,2
60,3898921,5,2
39,3329376,4,1
47,3724919,4,2
51,4710037,5,6
31,3348588,5,1
30,5199968,5,3
34,3122801,4,1
55,3071215,4,1
46,4278640,4,4
52,3265678,4,4
68,3744851,5,4
64,4316352,5,1
37,5617251,4,6
76,4125645,4,6
51,5156709,4,5
59,4383906,4,2
31,3434419,4,1
73,4820140,4,4
52,4486899,5,4
64,4893158,5,1
32,4778970,5,2
57,3396644,5,5
41,2738942,4,6
22,5486597,5,3
67,3120870,4,1
28,3615066,5,2
29,4350789,4,1
41,4358785,4,1
26,4243063,4,1
45,4368863,5,2
35,4347721,4,6
79,3651884,5,2
51,4234399,5,4
74,5959576,4,3
18,2967942,4,6
73,2787817,4,5
29,3790048,5,6
41,4712524,4,5
47,3566504,5,6
68,3558225,4,4
65,3945100,4,1
60,3315382,4,5
76,4060712,4,3
66,4857336,5,3
50,3206780,4,1
19,3466111,5,1
47,4110822,4,5
71,4130579,4,6
46,4408320,5,5
75,5823140,5,3
43,4778126,4,1
48,4894312,4,3
56,3382510,4,3
28,5344499,5,1
51,4994339,4,2
34,4057941,5,1
71,3029551,5,5
23,3378428,5,6
22,4825171,5,5
44,4964747,4,3
47,3683484,5,3
32,3245203,5,1
77,3164126,5,3
71,4293809,5,5
33,2320274,5,1
67,4970713,4,5
62,2037575,5,4
78,3154518,4,6
22,4548950,5,1
75,5530805,5,3
36,4314495,5,2
70,4646561,5,3
42,2251238,5,4
56,4499497,4,6
23,5349600,4,2
32,4206422,5,6
65,5008578,5,5
31,3886836,5,1
75,5142600,5,3
52,4007226,5,1
63,3042406,5,4
64,4525118,4,5
60,3792777,4,1
24,3817581,4,1
18,3053870,5,2
30,4426901,4,5
26,4603431,4,1
68,4203287,4,3
43,3321229,5,3
31,2864320,4,3
37,3059010,4,3
76,2582510,4,2
48,3913821,5,2
75,3753192,5,5
43,5028688,4,3
74,3371120,5,5
62,3481157,5,2
22,3491101,5,3
40,3806669,4,2
44,3402956,4,2
42,4155798,5,5
74,3485741,4,2
44,4168209,4,2
64,3783802,4,6
23,3578289,5,1
50,2427179,4,2
50,4465378,4,2
48,4530807,5,5
64,4843563,5,3
53,3745121,5,5
68,3734626,5,6
33,5221278,4,1
53,4343984,5,4
68,4684771,5,3
64,5226086,5,6
22,3472310,5,1
23,3070927,5,3
79,3448309,5,1
65,5356148,4,6
65,2555251,4,2
56,3820867,4,4
62,3686787,4,2
71,3787543,5,3
38,4033131,4,5
54,4479406,5,2
26,2621329,5,2
24,4320070,5,2
18,3712704,5,4
69,4051047,5,6
32,2981897,4,3
73,3881425,4,1
28,3757981,4,2
77,4099392,4,2
61,3488237,4,2
75,4992478,5,5
44,5779713,4,6
67,3658126,4,4
51,5106074,4,3
74,2494551,4,3
48,4581815,5,2
56,4168889,5,4
19,4450382,4,2
72,3964929,4,6
29,5073268,5,2
64,2957606,5,5
45,4688775,4,1
74,4103116,4,2
20,3936580,4,4
35,3715581,4,2
45,3419701,4,6
52,3735084,5,5
70,3528956,4,1
46,3282064,4,4
50,3861860,4,1
62,4100315,5,3
38,2584457,5,6
62,4048788,4,2
32,2501852,4,1
61,4093510,5,3
63,5559984,5,6
26,3154087,5,6
61,3495564,4,1
74,3605213,5,1
26,4785752,4,6
61,3399339,5,6
46,4566961,4,5
71,4261183,5,1
18,3757105,5,2
44,3791367,5,3
51,4446690,5,6
30,2201369,5,3
38,3700828,5,3
77,3521286,4,4
49,5261212,5,4
39,4600494,4,3
68,4819637,5,2
36,3166223,4,2
70,4805977,4,3
59,3507919,4,5
27,4375065,5,5
39,2846753,5,2
58,4098344,5,3
28,3560322,5,2
52,3207636,5,3
44,4658255,5,4
34,3770404,5,3
25,4113222,4,4
71,3775564,4,1
76,4344610,5,3
62,4421495,4,1
47,3040020,4,5
39,5636623,4,4
45,3983414,5,2
44,5335595,5,5
64,3909939,5,2
42,5286525,5,5
29,3834331,5,6
46,3996492,5,6
20,3959440,4,4
66,4643124,5,5
45,3654680,4,5
27,2780564,5,6
23,3418379,5,1
66,2567860,5,5
67,4339415,5,6
18,4906689,4,4
32,3935025,5,3
58,5472703,5,5
75,5035592,5,1
69,3018133,4,5
64,5218081,5,1
33,2590558,4,6
71,3833157,4,4
48,4067106,5,3
18,4421641,5,2
73,3286507,5,2
79,4455695,5,5
53,2666383,5,6
69,2970446,5,3
29,2372442,4,1
31,3651966,5,2
20,3540446,5,5
48,3681608,5,4
57,3541986,5,6
35,3546813,4,1
68,4270846,5,2
28,4540321,4,5
51,5179909,4,5
62,4347205,5,6
66,6311080,5,3
61,4816105,4,2
32,4136936,5,6
80,2121315,4,1
32,3144625,4,5
35,4055175,5,4
64,3424388,4,2
18,3431838,5,4
66,4440765,5,6
75,3066817,5,3
59,3164859,4,4
21,4254971,4,6
38,5333490,5,5
63,3310486,4,6
25,4372743,4,2
57,3121979,4,3
55,4186043,5,5
36,4293157,4,4
48,2719514,4,3
57,3394146,4,4
42,4393831,4,4
29,5573020,5,4
51,3117159,5,4
54,4580311,5,5
57,4862115,4,5
43,3376056,5,6
45,2731991,4,2
26,3278892,5,2
30,4872572,4,4
19,3600146,5,4
25,4924958,4,6
35,3518097,4,6
53,4934502,4,5
22,3793236,4,1
68,3665961,4,4
37,3120219,4,2
47,2888482,4,5
24,4146519,4,3
53,2597660,5,6
32,5013990,4,6
45,3227967,4,5
43,3628088,4,3
36,4447802,5,6
19,4341624,5,1
66,3713478,5,2
75,3841923,5,5
57,3674571,5,6
75,2375290,5,3
64,4186420,5,1
38,3188879,5,3
70,5149812,5,6
50,4469832,4,1
45,3535145,5,2
60,3472922,5,6
52,3456789,4,5
40,4214151,4,4
18,4636707,5,4
73,1999853,5,5
27,3164349,4,4
77,4319453,5,6
29,2382986,4,1
20,4071750,5,6
51,3391147,5,3
72,3042277,4,6
34,2603374,5,5
70,4936259,5,5
62,3678514,5,4
19,4142352,5,4
65,4879980,5,5
50,3888362,5,2
44,5350951,4,5
34,4384114,4,4
18,5293266,5,1
47,3219992,5,1
60,4067173,4,5
38,3192732,4,1
69,2206686,4,4
59,2914398,4,2
22,4456067,5,3
71,3682759,4,3
42,3334803,5,4
55,3211391,4,1
26,5210850,4,3
49,2919233,4,3
46,5574312,5,5
40,4057751,5,5
69,5658300,5,6
27,4179910,5,5
40,2964614,4,4
33,3565023,5,3
34,4675585,5,6
53,4089945,5,2
74,4422897,4,4
51,2680042,5,5
77,3230034,5,1
72,2677512,5,6
69,4482971,4,5
23,5488442,4,2
66,4860466,5,4
38,5240810,5,3
38,4973447,4,5
39,4535085,5,4
36,3157192,5,2
58,4552273,4,3
75,2330089,5,5
23,3328497,4,5
32,4376221,5,5
35,4863870,5,2
35,3537110,5,3
80,4852064,4,3
21,4009364,4,2
71,4369282,4,1
44,3399109,5,1
60,5653606,4,6
48,3442692,4,5
36,4455469,5,6
21,3514448,4,3
23,3985932,4,3
56,2915488,5,1
21,3396316,5,3
77,4313233,5,3
77,2815512,4,4
57,4168793,4,6
75,3221354,4,3
48,3826662,5,2
48,2754749,5,4
50,4002854,5,4
73,4131141,5,3
72,4361118,4,5
24,4689452,5,4
69,4216453,5,2
52,3090861,5,4
33,2617784,4,4
27,2749842,4,5
43,4284091,4,3
29,3315569,5,3
25,6047692,5,2
41,3507105,4,5
70,5334858,5,6
30,5365876,5,5
52,3627681,5,5
35,2871155,5,2
26,3684997,5,5
62,5125074,4,2
60,3503966,5,1
61,4857744,5,4
59,4175193,5,2
24,5737626,5,2
37,3646317,5,2
73,2960246,5,3
40,3427997,4,6
25,4333042,5,3
80,5343430,4,1
72,3636301,5,3
26,4485617,4,6
32,5070868,4,5
31,5093889,5,6
73,3357023,5,2
76,3375425,5,1
76,4159095,4,6
24,3892189,4,4
35,3072099,5,1
63,4218909,4,3
60,3302605,5,2
18,3980829,4,4
66,3511313,5,3
44,4606025,5,3
58,3231907,4,4
38,5207756,5,6
40,4566416,5,1
44,6498269,4,3
74,3404085,5,2
62,4026424,5,5
42,5098954,5,5
45,4736189,5,3
67,4855198,4,2
29,3251037,4,6
74,5578912,5,2
59,4393615,4,3
31,4066519,4,6
79,4041112,4,2
52,4985001,4,6
73,2250736,4,5
62,3520523,5,1
48,3552849,4,2
71,3551771,5,1
28,3896651,5,3
69,3795788,5,4
45,5252695,5,2
54,5258741,4,6
21,2726032,4,1
34,4308225,4,3
27,2395799,4,3
55,4701931,4,1
44,4369689,4,3
46,4630592,4,2
25,4519715,5,5
18,4078787,4,4
49,4647696,4,3
24,5136719,4,1
41,3104020,4,5
52,2779077,5,2
32,3674117,4,3
19,3184824,5,3
56,2718649,4,2
24,3969478,4,5
68,3404149,5,6
77,5545036,5,1
37,4210656,5,6
47,4378323,5,4
28,3631947,4,1
42,4095896,5,5
39,4843784,5,6
76,5270674,4,1
18,3843350,5,4
35,2302937,4,1
27,3180092,5,2
42,4404302,5,3
43,4223564,5,5
20,3108082,5,6
80,3178247,5,6
44,4371971,5,4
63,4281217,5,6
80,4321212,5,3
45,4345698,5,1
45,5123038,5,4
34,4022034,5,1
42,4069058,4,1
26,4865590,4,5
72,4005544,5,1
61,3197213,5,6
22,5364423,4,5
62,6308252,4,5
25,4464177,4,3
31,4365273,4,6
34,3312934,4,4
21,2951697,4,5
74,4079659,4,6
76,4836479,4,1
74,5742910,5,2
55,3450106,4,6
31,4655147,4,6
27,4824233,5,4
20,3974749,4,3
24,2987474,4,1
54,3712037,5,4
41,3900285,4,2
57,4733609,5,5
71,3736747,4,5
79,3750155,4,3
42,4684559,5,1
24,4333251,5,3
77,4584471,4,6
37,4248288,5,5
43,4062482,4,6
50,4139460,5,5
66,4350013,4,3
36,5035025,4,2
26,4395541,4,1
19,3442862,4,3
63,3802410,5,1
79,4893118,4,5
27,3830883,5,1
21,4686113,5,2
73,3584996,5,6
24,2067961,4,5
72,5102569,4,5
24,3911356,5,3
74,4363538,4,4
71,3689326,4,2
22,3664131,4,5
30,4476874,4,3
30,2621560,5,1
59,4378070,4,3
54,3246454,4,4
76,3645547,4,6
60,4911063,5,5
52,2841140,4,5
59,3003005,4,2
51,4071102,5,6
29,6009017,5,3
54,3902226,5,1
68,4295412,4,4
36,4056886,5,5
51,6302807,5,3
55,6038204,5,6
67,2428122,5,4
54,4533637,5,6
60,4953804,4,2
19,3215373,4,6
19,3068374,5,1
30,2811365,4,5
74,4173294,4,1
63,3456024,4,6
40,4469388,4,5
50,3535418,4,3
62,4388134,5,5
41,4541734,5,2
40,5229458,5,5
77,4464863,4,3
69,3739869,4,6
67,4907758,4,1
41,4329860,5,5
26,3444174,4,1
33,3861545,4,3
80,4976299,5,1
64,4100071,4,5
35,4876400,5,5
22,3493680,5,4
77,2987659,4,5
80,5050032,4,3
70,4012929,4,2
57,3884987,5,5
32,2167779,4,6
73,4533337,4,6
77,4040511,5,4
55,4147627,4,2
24,4750174,4,5
18,3395028,4,5
75,4548876,5,1
59,3057800,4,2
52,4988454,5,6
61,3761351,4,2
28,3745847,5,3
42,3281618,4,4
79,4147287,5,5
70,3113558,5,6
39,3845009,5,2
43,3531337,5,6
47,4060736,4,1
60,3888470,5,5
60,4451161,4,3
40,3465242,5,3
43,4473045,4,3
45,5064925,4,5
44,2483770,4,4
18,4540323,4,1
20,4855994,5,6
61,4832231,5,4
60,4653762,5,2
48,4866572,4,4
33,3757662,5,2
75,4976277,5,3
69,2833271,5,4
36,4075444,5,2
20,3255643,5,6
72,4070882,4,2
56,3717596,4,2
35,3240537,4,4
45,2681134,5,2
62,4076632,5,6
80,2192216,5,4
44,4705939,5,6
48,3348440,5,3
24,5002460,4,2
75,4254088,4,6
59,2625967,5,5
30,4084455,5,4
26,3375968,5,5
25,4595779,4,6
28,3761019,4,3
53,4679349,4,1
41,5260832,4,5
49,2151931,4,5
49,3844667,5,5
64,3844790,4,4
26,3587569,5,6
58,3196685,4,4
50,3033061,4,4
72,4236116,5,1
64,3641240,4,3
65,4576337,4,6
34,1829925,4,4
22,4032249,5,3
76,4081811,4,1
51,4298047,4,4
75,4193242,4,6
56,3367949,5,3
33,3746331,5,5
75,2542376,4,1
56,4492483,4,3
27,2899738,4,3
51,4564656,4,4
80,4463992,4,2
21,3770349,5,5
57,4380607,5,2
24,4055712,5,6
57,4038931,5,3
53,3782415,5,2
76,4149698,4,5
72,3565082,4,6
46,4481376,5,2
62,4571809,5,2
71,3663086,5,5
40,3376945,4,4
51,4252425,4,2
75,4630077,5,4
42,4016578,4,2
47,4313819,4,6
50,5848581,5,4
57,3934981,4,3
69,4005591,4,4
55,4927371,4,6
25,4819502,5,6
37,4895717,4,5
43,4400619,5,6
51,3064568,5,2
54,3957387,5,4
65,1892408,5,6
80,4587660,5,4
28,2676304,4,3
37,4293621,5,1
75,3737788,4,5
62,5596695,4,5
59,2930201,4,2
35,2622377,5,3
30,3313034,5,6
75,3921725,5,4
64,3364409,4,5
57,3234655,4,3
62,4371737,5,3
58,3782100,4,5
39,4128998,4,3
65,4116665,5,2
36,2513029,4,3
55,2983321,5,3
67,4623279,5,6
80,4697708,4,5
62,4346973,4,1
80,3155197,5,5
30,3111387,5,1
51,5102605,4,2
49,4396866,4,6
54,5418601,4,3
20,3247165,4,3
27,4002512,5,5
31,4260747,4,6
69,3558144,5,1
54,3148172,4,4
61,4959994,5,6
34,3875053,4,4
50,2672005,4,5
24,5317504,5,1
18,3384859,5,1
63,5609836,4,2
60,4754239,4,5
30,4002055,4,4
37,4653067,5,3
19,4377877,4,3
69,4464411,5,2
43,3340348,4,3
70,2864790,5,3
37,3549098,5,3
57,4062002,5,4
23,4275377,4,1
65,3866958,5,5
25,3706411,5,6
26,3211903,5,6
38,3582072,5,2
53,4394370,5,3
74,4064245,5,5
39,4130887,4,2
31,3665128,4,4
49,4328714,5,2
55,5199374,4,1
69,5831799,5,3
65,3665386,5,3
59,4727460,4,3
62,3775971,5,3
52,3352852,5,5
29,5091512,4,2
53,3393217,4,4
36,3656866,5,1
68,4196574,5,3
20,4292987,4,2
55,4246270,5,1
48,5995111,4,1
79,4295388,4,5
46,4237876,5,2
42,5043066,5,1
29,3445996,4,4
71,5087613,4,1
40,2805754,4,6
33,3819371,5,5
57,4619417,5,1
39,4141939,5,6
55,4384084,4,6
59,4494624,5,1
26,3456755,5,4
52,3010218,5,3
64,3714571,4,5
44,2780756,4,3
48,3489173,4,3
74,1060210,5,2
28,4165612,5,2
57,5385548,4,2
72,3193538,5,3
26,3876006,5,6
41,3609794,4,2
27,3447938,4,1
62,4436461,5,6
70,4252275,4,2
19,4481985,4,6
54,2776746,4,6
42,2866998,4,5
31,2811081,5,2
28,3319154,4,3
22,5428957,5,4
53,4417112,4,4
79,4234359,5,4
37,4667278,4,4
61,4335548,4,5
68,3479086,4,2
44,4535058,4,1
18,4432437,5,3
67,4063592,4,5
79,4414346,5,5
63,4117853,4,1
23,3083473,4,2
73,4007484,5,5
77,4894058,5,5
65,4385271,4,4
60,3371976,4,4
18,4311766,5,2
68,4167053,4,4
23,3956967,4,2
67,4209188,4,2
47,3535160,4,2
39,4801261,5,2
33,4292548,4,5
75,3245495,5,5
37,3090347,4,1
74,2950180,4,6
56,3702330,4,2
60,5321011,4,4
55,3287493,5,3
29,4092508,4,2
68,5397805,5,2
50,2551697,5,1
37,4377777,5,1
75,3167555,4,2
32,3697501,4,2
59,3660131,5,1
52,2781915,5,3
61,3485642,5,1
58,4922720,5,5
61,4840154,4,6
20,2818455,5,4
22,2472398,4,4
54,4723122,4,1
53,4307336,5,2
66,3845732,5,3
18,3895887,4,2
31,3948760,5,5
78,5064125,4,3
77,4014213,4,5
69,5228037,4,3
53,4489700,5,3
77,2889897,4,2
47,2977716,5,6
73,3660843,5,3
48,3543180,5,2
63,4451803,5,6
23,3466031,5,6
76,4249519,5,6
62,4274585,5,6
42,3920761,5,4
40,4203756,5,3
63,3417518,4,6
58,3649863,4,3
75,4230570,5,6
23,4179158,4,6
36,4165037,5,5
31,4840190,4,3
46,5304618,4,2
49,3855674,5,3
21,3737158,4,6
49,3624350,4,6
68,4219566,5,4
51,4695357,4,2
44,4546998,5,2
47,4142878,4,6
64,4581511,5,1
80,5563970,4,2
29,2914742,4,3
67,3893573,4,1
65,3689353,5,1
39,3445801,5,6
25,3739592,4,4
57,2647778,5,3
70,4500335,4,3
51,3939780,5,2
37,3942022,4,1
31,4227928,5,4
62,3702405,4,3
31,2712629,5,3
50,3656317,4,5
67,3231011,5,5
63,3943418,5,2
26,3679107,4,2
44,4245993,5,2
74,3273215,4,6
73,3627758,4,2
64,3685040,5,6
68,3524050,4,1
59,3386446,5,2
30,4350363,5,3
25,3143160,5,4
79,4081611,4,2
21,3032809,4,3
53,3595025,4,5
19,3727563,5,3
46,4997542,5,4
56,4459684,5,2
18,5216780,4,5
80,2795295,5,4
67,4982389,4,5
35,3158410,5,3
68,4296832,5,6
52,4022013,5,3
70,4620945,5,3
67,3561380,5,6
23,4767121,4,4
78,3982082,4,6
52,4464091,5,4
46,4518432,5,3
61,5113506,4,3
20,3246456,5,1
55,4286516,4,3
21,4142390,5,4
39,4055097,4,4
22,4376514,4,1
49,4025823,4,3
39,4564169,5,6
38,2211230,5,6
35,3989236,5,6
36,3861680,4,5
71,2448857,5,4
79,4096334,5,4
19,4849434,5,5
19,4668586,5,4
26,3457027,4,1
42,5440288,4,3
19,2690606,5,4
33,4923771,5,1
65,4147407,4,1
65,3158844,4,4
51,3812237,5,6
43,5122193,5,1
72,2750492,4,2
51,3023104,5,6
77,4068951,5,4
72,3351881,4,5
72,4002033,5,4
49,4470467,4,1
30,2984087,5,5
19,4601546,5,2
61,5541910,5,2
75,4674478,4,5
60,3438465,4,4
53,3054622,4,1
51,2368700,5,1
49,5069782,5,1
60,2688587,5,2
66,3776389,5,4
19,3687968,5,2
70,3845847,5,1
58,3884067,5,1
70,5852847,5,3
59,4764574,4,2
40,5049712,5,3
68,2813551,4,1
37,3684725,4,5
44,3067707,5,3
74,2290764,5,5
69,3558326,4,6
49,2551244,4,1
73,4442651,4,2
49,4276515,4,4
38,3729892,5,1
80,4584082,4,2
58,4577441,4,2
44,3791214,4,6
66,2710490,4,6
72,4332649,4,2
64,3071079,5,2
69,4992002,4,1
29,4112696,4,2
21,3840365,4,5
34,4050566,4,5
77,3897078,5,4
48,4241317,4,3
68,4028882,4,6
43,2641259,4,3
58,3597562,5,6
32,3810910,4,1
72,2880706,4,3
30,2917476,4,2
61,4735894,5,4
63,1611314,4,2
41,3722399,5,6
45,4440251,4,1
47,3620231,5,2
26,5366432,5,2
19,5387849,5,5
30,4212951,5,3
57,3882043,4,2
58,4632012,4,6
38,3339459,4,5
47,4219832,4,5
39,4438403,4,2
59,3648506,5,3
52,5470067,5,5
37,3378431,5,2
64,5360064,4,6
39,3822358,5,4
65,2796785,5,5
44,4780700,4,1
65,4021953,4,2
23,4573406,5,4
35,4822142,5,1
61,4691046,4,5
51,4029100,4,6
65,4795095,4,6
75,3160860,5,2
58,5528284,4,6
56,3419644,5,6
75,3084694,4,4
46,4412725,5,5
42,3344280,4,5
52,5291574,4,1
43,2876029,4,3
26,3610975,5,6
45,4807988,4,1
46,4209192,5,6
49,6418042,5,4
24,4105063,4,3
64,3870837,5,4
47,4403089,4,1
22,3528521,4,6
24,3648690,5,1
20,4295739,5,1
55,3643100,5,3
71,3303295,5,1
34,3845761,4,4
32,3791168,5,2
63,5041237,4,6
62,4327901,5,3
78,4945838,4,3
54,3850435,4,6
55,4082196,4,2
74,4040149,5,3
43,4056878,5,1
72,4700273,4,3
68,4223551,5,1
43,3664666,5,6
44,2960713,4,1
22,3834935,5,3
67,4856590,5,2
78,4032861,4,5
60,4902776,5,1
56,3941077,5,1
57,3376366,5,6
44,5375173,4,2
68,4658578,5,3
38,3260963,4,5
18,3347076,4,6
22,3599040,5,5
71,4093895,4,6
39,3834191,4,5
34,3323084,4,4
49,4865168,5,3
63,3824100,5,2
68,4447087,5,3
54,4195450,5,1
40,3909924,4,3
74,4140594,4,6
35,3449766,5,2
70,3942271,4,6
25,2792500,5,1
56,2968317,5,1
29,4757692,5,5
56,4273496,4,1
21,3255989,4,2
56,3928767,4,6
52,3457543,5,3
65,3486785,4,5
32,3809091,5,2
72,1256646,5,1
73,4322050,5,1
18,3542719,5,4
44,4142932,4,3
51,3081604,5,1
60,3157641,5,2
21,4505676,5,1
38,4858098,4,5
23,4225003,5,3
32,3299123,5,3
69,4008072,5,4
64,3297021,5,2
57,3924044,4,3
49,3307593,4,6
20,2484714,5,4
47,4570587,5,1
64,5013116,4,5
32,3864237,4,4
52,4507561,5,4
34,2800843,4,4
21,5177416,5,2
69,4091161,5,5
33,3707712,4,4
36,4272591,5,5
41,3834300,4,3
53,3731400,4,4
54,4337750,5,2
79,3122066,5,2
28,4891842,4,3
19,3769668,4,1
52,4271621,5,6
75,4818823,5,6
31,4396427,5,2
62,3030326,4,1
31,3676563,5,1
54,4103721,4,4
74,2843000,4,2
21,4333048,5,3
38,5766464,4,4
62,3606698,4,3
77,3069691,5,4
23,4939848,4,3
39,4282197,5,6
42,4013982,4,3
76,3045086,5,2
39,5185445,5,2
51,5684003,5,5
60,3841638,4,1
51,5067721,5,3
41,4569541,4,4
35,3642059,4,6
80,4499158,4,1
66,4020421,4,4
25,4045075,4,5
55,3447174,4,1
71,3149865,4,1
34,3396496,5,2
29,4570055,5,3
73,4211127,4,1
74,3328130,5,1
26,4411075,4,6
48,3519141,4,6
72,2428778,4,4
38,4847646,5,4
19,4129415,5,2
33,5227352,5,6
56,3907374,4,1
24,5101082,5,1
69,2864713,4,6
24,2719493,5,1
53,4031314,4,5
21,5369859,5,4
69,4282317,4,4
60,5338314,4,6
52,4334072,5,4
39,2721897,4,6
19,3153305,4,3
26,4511442,5,6
42,4307524,4,4
57,3387418,4,5
74,4045050,5,4
54,5061641,5,5
80,4304705,4,2
35,4498753,4,4
43,4100077,4,4
48,4608420,4,6
32,3568475,5,6
21,3821171,4,5
45,5520401,4,3
34,3779098,4,4
24,2975601,4,2
37,3959913,5,3
27,3944723,4,5
62,3107857,5,4
74,4524156,4,1
57,4637437,4,6
73,4255922,4,1
53,3101745,5,5
37,2964474,5,3
29,4697403,5,6
44,3376229,4,5
60,4941170,4,1
54,3408226,4,5
70,5281589,5,1
61,4359391,5,4
57,3881370,4,4
31,4046112,4,6
55,4234926,5,1
55,5048679,5,5
18,4949866,4,6
67,2899262,5,1
59,2729105,4,2
43,4111632,5,1
23,2493993,5,2
44,4780527,5,5
26,4218804,5,2
48,3707908,5,5
48,4279911,4,1
58,3951380,5,6
36,4164232,5,6
32,4670577,5,1
20,4535794,5,6
22,4590873,4,2
49,4061881,4,2
67,4518066,4,1
48,4940851,4,6
38,5035970,5,6
39,3624778,5,4
63,4389055,5,3
41,2936286,4,6
29,3590887,5,4
41,3633932,4,4
55,3961668,4,3
66,5742264,4,4
57,3980334,5,1
55,3340687,5,6
57,2966284,5,6
43,3181347,5,1
55,4378360,4,5
71,3810894,5,5
29,4117825,4,3
18,4439423,5,2
62,3400562,5,6
29,2749480,4,2
19,3433582,5,2
35,4461581,4,2
66,3298365,5,1
31,2306114,5,5
70,3541033,4,2
28,4281908,5,3
35,2552603,5,1
73,4386335,4,1
36,4425220,5,1
21,3242709,4,1
76,4300656,5,5
68,3529841,5,4
70,3244789,4,4
29,5116103,4,3
73,3500001,5,3
58,4154670,4,4
51,4126435,4,4
25,3213089,4,4
66,4172423,5,3
60,3084301,5,3
51,4749742,5,5
33,3637188,5,5
28,5320370,5,5
25,3853109,5,4
36,3317694,4,1
33,4456158,4,2
47,4236200,5,2
45,3409785,5,4
80,1961314,4,3
49,5161349,5,6
21,4806153,4,6
54,4569202,5,6
73,4747164,5,4
34,3702263,5,4
56,3815462,5,6
46,4556612,5,1
34,3582740,5,4
51,3785044,4,2
75,4325132,5,1
74,4046901,5,3
38,3446674,4,5
42,5194278,5,4
23,3872663,4,3
76,4495249,4,3
78,4290745,4,3
41,2857621,4,6
40,4334228,4,3
36,4364046,4,3
52,3689027,5,3
34,3551990,4,4
34,3895675,5,2
34,2900483,4,4
47,3729443,4,2
18,5148711,5,2
66,3357543,4,2
66,3935428,5,6
46,4514344,5,3
52,4484360,5,1
68,3928096,4,1
78,4265721,4,2
71,4214236,4,5
27,3659259,5,3
50,3683813,4,6
44,4306620,5,6
48,3367311,4,3
61,3874203,5,4
37,4948117,5,3
22,2840439,5,4
41,3705885,5,3
65,4338812,5,2
59,3747715,5,2
57,4013551,5,1
48,2143761,5,3
18,3766663,4,2
28,2206048,4,5
39,3375285,4,2
29,3019640,4,2
62,3589975,4,6
27,3657661,4,1
51,4711874,5,4
44,3737967,4,2
19,4642900,4,6
34,3212713,5,4
37,5271098,5,6
63,4602356,4,3
19,4844057,5,3
80,3758732,5,5
65,3622793,5,4
75,4075440,4,1
40,3431483,4,5
33,2598853,4,4
20,5371922,4,4
54,3551634,5,6
41,4469321,5,5
34,4381609,5,3
28,4797681,4,1
35,3964463,4,2
49,4901219,4,2
21,3256305,4,4
21,4356013,5,5
53,4485587,5,1
49,4940620,5,1
56,5276377,5,1
56,4203969,4,2
32,3758811,4,1
37,2938466,4,6
18,5064593,5,2
28,3952047,5,5
34,1445814,4,2
20,4379864,5,3
20,4337197,4,6
52,2959926,4,1
50,5061341,4,6
26,3321622,5,4
69,4398562,5,6
36,4024787,5,6
21,3311418,4,6
60,3826122,5,5
25,3305387,5,2
68,3711408,5,1
35,4495553,4,2
75,3607286,5,3
61,3306977,5,1
38,5818253,4,1
45,4939319,4,2
53,3491724,5,3
76,3953585,4,2
28,2745585,4,5
41,3023835,4,3
40,4587297,4,4
26,2744756,4,1
78,4122575,5,6
43,1550364,5,5
79,4266127,5,4
54,5646973,5,2
48,4088664,4,5
65,3249304,5,1
55,4138626,4,1
47,3702232,5,6
68,4902270,5,6
63,3372037,4,3
63,4895429,5,4
34,2872531,5,2
75,3733306,4,6
30,4196240,4,5
51,4994105,4,4
67,3154850,4,5
48,5440899,5,3
62,4552504,5,4
57,4321055,4,5
55,3781304,4,1
34,4766265,4,2
73,4659498,5,3
28,3066907,4,6
42,5309738,5,1
25,5835366,4,6
23,3710587,5,1
73,5306179,5,4
61,2792920,4,5
41,5238561,4,6
47,3020703,5,4
37,3673575,4,3
23,4086025,4,2
74,5316865,4,5
58,4341014,4,2
39,4227609,5,2
74,4468924,5,6
28,3826286,5,5
38,4390114,5,3
71,3802685,5,5
62,6495859,5,2
55,2001139,4,2
21,3506761,4,1
52,3878798,4,3
37,2728769,5,4
76,4516288,5,3
55,5281839,4,4
41,4452089,5,5
41,4672800,4,5
74,2822736,5,6
39,4179663,5,5
35,4803380,4,2
63,2892489,4,2
66,4424062,5,1
80,3690011,4,1
71,3541757,4,6
74,2501340,5,5
48,4218986,4,6
20,1946777,5,2
42,4063567,4,2
79,2379239,5,5
24,4112754,5,2
61,3905080,4,2
42,3721035,4,2
25,4608936,5,6
69,4703725,4,4
37,3601947,4,1
42,4030797,4,2
52,3046439,4,3
35,3207389,5,1
72,4849998,4,1
70,5152995,5,3
42,3127227,5,3
47,4542158,4,5
22,3577024,5,1
70,4860365,4,1
66,4159522,5,2
55,4545368,5,4
55,4650358,5,2
40,4475084,5,6
74,3666580,5,3
45,4741351,4,2
22,4335930,5,2
62,3295870,4,3
49,4115653,4,6
56,3761666,4,1
23,4234383,4,1
22,2994481,5,6
29,3824220,4,3
75,4664075,4,1
36,4551453,4,1
58,4273307,5,6
48,3317747,5,6
72,4107280,4,2
29,4647734,5,2
67,4180075,4,2
37,2782183,4,5
65,4884840,5,6
35,5342965,4,5
18,4661735,4,2
27,2809368,5,2
23,3117503,4,4
69,3426747,4,5
25,4471854,4,1
45,5162229,4,4
32,4069671,4,3
28,3347874,4,6
37,3479503,5,5
47,4703964,5,6
61,2346993,5,5
30,4307751,4,5
35,3834924,4,6
45,3728324,5,6
64,2993296,4,4
50,3375211,5,1
75,4291476,5,2
77,4797173,5,2
75,5168731,5,4
54,4462587,5,1
44,4363563,4,5
67,2565285,5,6
21,5492703,4,6
60,3152903,4,3
35,4973201,4,3
43,5608216,4,3
32,2831428,5,3
71,4911109,5,4
59,4637459,4,5
42,5075720,5,4
49,3405310,5,5
74,3813814,4,3
36,2996648,5,2
21,3643505,5,2
77,4136165,5,2
73,3098137,4,3
67,3664446,5,6
21,2724266,4,3
74,5899327,4,6
73,4270596,4,1
52,4307073,5,1
20,3267667,4,6
55,4782274,5,4
46,5403267,4,2
27,2763581,5,5
62,4111538,5,1
27,4036050,5,2
25,4028273,5,2
30,2411966,4,5
69,4277592,5,5
32,4335267,4,2
63,4482537,4,1
63,4043502,5,4
70,3777149,4,5
58,4512535,5,3
68,5094656,5,3
21,4936573,5,5
31,4834191,4,6
64,2204224,5,2
18,5371096,5,1
66,4764945,4,2
74,4517799,4,4
70,5045446,5,2
24,4164484,4,5
29,5128514,5,6
21,4431214,4,4
62,3814615,4,2
58,4449598,5,1
50,3128490,4,5
57,4219863,4,3
56,2970337,4,4
28,5267420,5,5
27,5394974,5,2
80,3600839,4,1
57,3681518,5,6
79,3933807,5,6
25,3991096,4,3
42,2455051,5,6
76,2902179,4,4
33,3881658,5,1
43,3836725,5,6
23,3587895,5,3
76,3340152,4,2
58,4780066,4,3
71,5106341,4,4
30,2937170,5,1
67,4022978,4,4
76,5075516,4,2
20,5044576,5,5
23,3276838,4,3
29,4440405,4,5
48,5049962,4,6
67,4367616,5,2
76,4741803,5,3
54,4405205,5,2
73,4994082,5,5
50,4111735,5,3
80,4394534,4,2
24,4546856,5,1
20,4274103,4,4
35,4488354,4,4
68,5792806,4,2
34,5594509,5,1
40,3010911,4,4
56,3304604,5,3
45,4650081,5,6
76,4025415,4,3
33,4387277,4,2
40,4540996,4,3
54,4647300,5,4
23,4486919,4,4
78,4226600,5,5
48,4025163,4,2
26,4139919,4,2
34,3822520,5,6
57,3039446,5,4
39,3619391,5,6
48,4005436,5,6
18,4210712,4,3
41,3420459,5,2
73,4646420,5,1
52,3263547,5,2
30,3371807,4,5
77,3392264,4,5
73,4158435,4,1
52,3937664,4,5
69,5094533,4,6
19,3045990,5,3
72,3982921,4,5
24,3075182,4,4
18,4614795,4,3
76,4473564,4,5
40,4046446,5,1
43,4935534,5,4
56,4740380,5,4
41,4982261,5,4
27,3636617,5,6
55,3372574,4,4
39,5508676,4,3
57,4904219,5,5
74,3538131,5,1
20,3215531,5,3
76,2310336,4,6
24,4898924,4,3
23,3550251,4,6
23,3446506,4,4
58,4063619,5,3
62,2943495,5,1
22,3154999,4,5
67,4175800,5,4
32,3319077,5,5
65,2398358,5,1
56,3259946,4,6
28,4056261,4,1
19,3477561,4,6
60,2031252,4,4
66,4557319,4,5
44,3982341,5,1
36,4680870,5,4
25,4342466,4,6
33,3220971,5,1
65,3069696,4,3
67,4719726,4,4
43,6107569,5,1
39,5350474,4,4
20,4531796,4,5
75,3345687,5,5
57,3888324,4,3
30,4298872,5,5
46,3210489,4,3
37,3270457,4,5
41,3650776,4,5
67,3286089,4,4
19,5214217,4,6
61,4685368,4,6
71,4024897,4,2
66,5151153,5,6
31,4751311,5,6
53,3444765,4,5
80,4175843,5,3
42,2172482,5,5
57,3987830,5,3
21,3180097,4,4
30,4288838,5,2
79,5073001,5,6
55,4551862,5,5
67,2938921,4,1
65,3227970,4,3
25,3914403,4,3
44,5644825,5,4
40,3375115,4,6
58,5636307,5,5
46,4128879,4,1
58,4424778,5,2
56,3716717,5,3
75,2423688,5,3
55,3662385,4,1
42,3337016,5,2
73,3230457,5,6
26,3578267,4,6
25,4059440,4,6
42,4092566,5,2
43,3642579,5,5
77,3849135,4,6
80,5467882,4,3
28,3650486,5,5
67,4915824,5,6
23,4662827,4,5
22,3450384,5,6
23,3469555,4,2
80,5572988,5,6
46,4322979,5,1
77,3395633,4,2
43,5034590,5,5
43,5006396,5,2
57,4901128,4,4
19,4802683,5,6
46,4456649,4,6
44,4753633,5,3
40,3514933,5,2
32,4474693,4,1
79,3612502,5,4
34,5273938,5,5
20,3693792,4,6
67,3758483,5,2
18,3237785,4,4
70,2544865,5,4
69,4789174,4,2
72,2568396,5,6
72,1171961,5,2
64,2627406,5,5
32,5766352,4,2
69,3751795,5,3
22,5402197,4,6
54,3712922,4,1
26,3838494,5,5
77,3160388,5,5
37,4043849,5,3
72,2903571,4,2
45,5711049,4,1
71,4283566,5,6
49,3928474,5,1
72,4824141,5,2
27,4072635,4,6
38,2440860,5,5
63,3769386,4,5
49,4746085,4,5
58,4073460,5,5
20,3014798,4,2
68,2596484,5,5
18,4379969,5,6
74,4574426,5,3
69,3941450,4,5
73,4538872,5,4
42,5318930,4,4
73,3890905,4,3
73,3075872,5,2
37,3698747,4,5
69,5028403,5,4
76,4125747,5,3
28,3496157,4,3
25,3403703,5,2
77,4374323,5,4
21,3499850,4,1
59,4140257,4,3
54,4660665,5,2
60,3032314,5,6
63,3198012,5,5
62,3966923,5,4
62,2212438,5,5
42,3694796,4,4
69,2637945,4,3
19,4633199,5,5
70,4555149,4,2
46,5588659,4,4
46,4555006,5,2
80,3700243,5,6
66,2703985,4,5
19,3183708,5,6
47,3923262,4,1
65,3379672,5,1
36,3698224,4,5
63,4721927,5,1
19,4829488,4,5
23,3010768,4,3
66,4215719,4,3
29,3700770,4,4
25,5097238,4,3
27,4035952,5,3
49,3702238,4,5
77,4544342,4,4
78,3627362,4,1
24,3650860,5,6
19,2565519,5,3
23,3789849,4,5
32,5639243,5,3
53,4738874,4,5
30,4161136,4,3
24,4428915,5,4
38,3912948,4,6
75,4245150,5,3
23,4310067,4,5
52,4525450,5,6
41,4245665,5,6
52,4162220,5,5
76,3546455,4,5
71,3238980,5,3
68,2935717,4,5
21,3504166,5,6
53,4372712,5,1
52,4013484,5,1
55,2584627,4,4
70,4033915,5,1
19,3287357,4,6
74,3190481,5,6
52,4188546,5,6
53,3571600,5,5
51,3587501,5,4
63,3484909,4,5
55,4386093,4,3
55,3929914,5,4
74,4408394,5,1
32,5151734,4,6
26,4542698,5,6
44,4013981,5,5
30,3074324,5,3
18,4199838,5,4
27,4457032,4,6
46,4394460,4,2
43,4417041,5,4
37,4671055,4,3
30,3823318,5,4
28,5175320,5,1
62,3934562,5,5
54,5053480,4,1
19,5411540,5,2
65,4060327,4,4
20,3446767,5,3
20,3913984,4,4
68,3451407,5,4
77,4447040,5,2
56,3674153,5,6
61,3985612,5,1
56,4096989,5,2
32,4246201,5,3
55,4193813,4,2
33,5326392,4,2
19,5020678,4,4
51,3979104,4,6
80,4942879,5,3
69,3814218,4,1
77,2421250,4,2
21,3161554,4,6
32,2950267,4,4
47,3687576,5,1
35,3479446,5,1
30,4121059,5,2
43,4447441,5,1
77,3880611,4,3
27,3774110,5,1
77,2574573,5,5
70,5504653,5,2
36,3806376,4,6
26,5073481,5,1
42,2215767,4,2
46,2982040,5,5
45,3007087,4,4
64,3524719,4,4
78,4417263,5,1
32,4549764,5,2
37,2951874,4,3
61,3883823,4,6
27,3495928,4,4
42,4295886,5,1
31,5716798,5,1
69,2715087,4,2
33,3213213,5,1
80,4457884,4,3
38,4534989,4,2
63,4039316,5,6
19,4686771,5,4
56,4579805,5,4
34,3170719,5,5
28,4953810,5,6
55,4009665,5,4
77,4359774,5,5
36,4610125,4,3
24,3429190,4,4
30,4429604,4,1
42,3768957,4,4
63,4255960,5,4
55,4382544,5,2
41,3653672,4,3
60,3612651,4,1
75,3266844,5,6
71,5433487,4,5
35,4019672,5,6
50,3533900,5,5
35,5073084,4,1
54,3959585,5,6
72,3541756,4,3
57,4137399,4,6
27,3307502,4,5
63,3740332,5,4
42,5700043,5,5
41,3171856,4,6
30,3825531,5,6
24,3692144,5,3
31,3421958,4,4
53,2887489,5,3
39,5091352,4,2
61,3668976,4,6
68,4089274,5,6
67,4648764,5,5
35,4060569,5,5
20,2942538,5,1
30,2935136,5,4
18,4983455,4,4
66,3684866,5,5
50,4188102,5,2
57,4651055,4,4
69,4155395,4,3
36,3393753,4,5
47,4904492,5,2
57,4240491,4,1
64,2857098,4,4
69,3774027,4,4
65,4614529,5,6
60,3026096,4,2
29,4073009,5,2
22,4088847,4,6
25,4044654,5,3
47,1759239,4,1
21,4441582,5,1
33,3757704,4,6
37,4616921,5,2
34,4354763,4,6
71,3407053,4,2
69,4955881,4,6
54,4215205,4,3
42,3663273,4,5
25,3959291,5,2
74,3512442,5,2
51,3647632,5,5
79,4680119,4,2
50,4865911,4,4
70,4364024,5,3
25,4031379,4,2
69,4175697,4,6
68,3541146,5,4
35,4272353,4,5
35,3984354,5,2
18,5917794,4,6
73,4492670,5,4
70,4671877,5,6
66,3192194,5,3
20,2594190,4,4
49,3906080,5,5
26,4512007,5,2
36,3404740,5,3
62,2452757,4,3
32,5020590,5,1
51,4816100,4,3
31,4648120,5,1
62,3360365,4,4
74,4363959,4,5
78,2769511,5,6
75,3997563,4,4
27,4270870,4,1
21,3008381,4,2
64,4437288,5,3
70,3238289,5,6
39,3973387,4,5
38,5302599,4,6
67,4726764,5,2
43,3819056,4,2
26,4574944,5,3
60,4659963,5,2
35,3107289,5,3
73,4265281,4,5
66,2866539,5,4
40,4770449,4,1
19,3509531,4,4
77,5214160,4,3
19,4788238,4,6
29,3209303,4,2
65,4436140,5,5
62,3840775,5,6
39,5551556,5,5
39,3126579,4,5
20,3906268,5,2
63,2818362,5,5
28,3979286,5,2
27,3683975,5,6
50,3422321,4,3
75,3973394,5,2
39,4339966,4,4
37,2859829,4,5
61,3761919,5,2
34,3871817,5,2
57,4881902,4,4
60,4057414,5,3
36,3529679,4,5
40,3572846,4,1
41,3818814,4,1
27,4071556,5,3
47,4230682,4,6
53,3821322,4,2
40,2757772,4,5
74,4504501,4,4
38,3196235,5,5
31,4391220,5,5
44,3350143,5,5
45,4341904,4,5
20,2171117,5,1
45,4223916,4,2
61,4680738,4,4
50,4880014,4,2
68,4451525,5,1
71,4591615,4,1
65,4567795,4,4
23,5217795,4,2
18,3842055,4,4
30,3986964,5,2
68,4170891,4,3
40,6086918,5,1
46,3832209,5,6
75,4426999,4,6
33,4723260,5,1
52,3931890,5,1
51,4070548,4,5
79,3938121,4,4
42,5387847,5,1
41,3513623,4,4
48,4285328,5,1
25,4001905,4,6
78,3693989,5,2
70,4946700,5,4
54,4643859,5,4
29,2337300,4,4
39,4521670,4,5
41,1895372,5,3
27,3274067,4,6
80,4761659,4,2
47,4153462,4,5
42,3645140,5,4
61,4057923,5,4
33,4020524,5,6
23,4632748,4,1
66,2921479,4,1
45,4388706,4,4
27,4224686,5,3
45,3523841,4,1
62,4201118,4,3
39,4419412,4,4
67,4245999,4,4
62,3799187,5,5
80,5672865,5,4
53,3736499,4,4
71,3660925,4,3
38,3412649,5,2
22,4296315,5,1
55,4749913,4,3
48,3275588,4,6
34,4868190,5,6
19,4404429,4,2
67,2870693,5,2
62,4997137,4,3
55,2945408,5,5
79,3647375,4,3
52,4697939,5,5
47,2195913,4,2
24,3650896,4,1
63,4644247,5,1
30,3075186,4,6
74,4414560,4,1
20,3486891,5,6
61,4155879,5,4
22,4900617,5,5
24,4451455,5,6
53,5432905,5,2
80,4682254,5,6
54,4026286,4,2
74,4044657,5,6
76,4686447,5,1
30,4218812,4,2
18,3284815,5,5
32,2731243,4,6
79,3823768,4,2
29,4190808,4,5
45,3884495,5,2
22,4445799,5,2
30,4409178,5,5
34,4387646,4,4
71,5544474,5,1
46,4577872,4,5
32,3514204,4,2
79,5422076,4,3
75,3414051,4,6
65,2616926,5,6
32,4996931,4,2
34,3701359,5,1
32,3799665,5,5
61,3849850,5,5
21,3941634,5,2
38,4059595,5,2
80,4239351,5,1
25,3176064,4,2
53,3092567,4,1
43,2953972,4,6
55,6047572,4,5
38,4562010,4,5
63,4508406,5,3
18,3120665,4,5
43,2781963,4,5
76,4753055,4,5
27,5599163,5,4
